Contribuições,Semana,Mês,Repositorio,,,,,
https://github.com/refile/refile/pull/581,#29,Janeiro,Refile,TOTAL,,MÉDIA POR DIA,,MÉDIA MENSAL
https://github.com/refile/refile/pull/583,#29,Janeiro,Refile,807,,"3,35",,"67,25"
https://github.com/refile/refile-memory/issues/3#issuecomment-451490766,#30,Janeiro,Refile Memory,,,,,
https://github.com/BoostIO/Boostnote/pull/2761,#30,Janeiro,BoostIO,,,,,
https://github.com/mikel/mail/pull/1307,#31,Janeiro,Mail,,,,,
https://github.com/flutter/flutter/issues/26185,#32,Janeiro,Flutter,,,,,
https://github.com/hjJunior/Mercado-pago-plugin-flutter,#32,Janeiro,Outros,,,,,
https://github.com/reactjs/reactjs.org/pull/1539,#32,Janeiro,ReactJS,,,,,
https://github.com/expo/expo/pull/3124,#32,Janeiro,Expo,,,,,
https://github.com/refile/refile/pull/584,#32,Janeiro,Refile,,,,,
https://github.com/niamurrell/value-app/pull/33,#32,Janeiro,Outros,,,,,
https://github.com/igorescobar/jQuery-Mask-Plugin/issues/697,#33,Janeiro,JQuery Mask Plugin,,,,,
https://github.com/facebook/jest/issues/7699#issuecomment-457333231,#33,Janeiro,Jest,,,,,
https://github.com/rspec/rspec-core/issues/2418,#33,Janeiro,RSpec Core,,,,,
https://github.com/gatsbyjs/gatsby/pull/11214,#33,Janeiro,GatsbyJS,,,,,
https://github.com/honeybadger-io/honeybadger-react/pull/5,#33,Janeiro,HoneybadgerIO,,,,,
https://github.com/rancher/ui/pull/2591,#33,Janeiro,Rancher,,,,,
https://github.com/denysdovhan/spaceship-prompt/pull/624,#33,Janeiro,Outros,,,,,
https://github.com/IcaliaLabs/tailwindcss-rails/pull/6,#33,Janeiro,Outros,,,,,
https://github.com/Jaguar-dart/jaguar_orm/pull/102,#33,Janeiro,Outros,,,,,
https://github.com/Leondev7/flutter_fab_dialer/pull/15,#33,Janeiro,Outros,,,,,
https://github.com/rubygems/rubygems.org/pull/1895,#33,Janeiro,Rubygems,,,,,
https://github.com/sequelize/sequelize/pull/10381,#33,Janeiro,Sequelize,,,,,
https://github.com/facebook/create-react-app/pull/6276,#33,Janeiro,Create React App,,,,,
https://github.com/maggialejandro/react-native-calendario/pull/61,#33,Janeiro,Outros,,,,,
https://github.com/OmniTrade/client-ruby/pull/18,#33,Janeiro,Omnitrade,,,,,
https://github.com/OmniTrade/client-ruby/pull/19,#33,Janeiro,Omnitrade,,,,,
https://gitlab.com/rotaract/adirc,#33,Janeiro,Outros,,,,,
https://github.com/teamcapybara/capybara/pull/2152,#34,Fevereiro,Capybara,,,,,
https://github.com/amatsuda/heavens_door/pull/3,#34,Fevereiro,Heavens Door,,,,,
https://github.com/amatsuda/heavens_door/pull/4,#34,Fevereiro,Heavens Door,,,,,
https://github.com/openfoodfoundation/openfoodnetwork/pull/3431,#34,Fevereiro,Openfood Network,,,,,
https://github.com/codetriage/codetriage/pull/907,#34,Fevereiro,Codetriage,,,,,
https://github.com/openSUSE/osem/issues/2316,#34,Fevereiro,Open Suse,,,,,
https://github.com/Jaguar-dart/jaguar_orm/issues/104,#34,Fevereiro,Jaguar ORM,,,,,
https://github.com/date-fns/date-fns/pull/1076,#34,Fevereiro,Outros,,,,,
https://github.com/Jaguar-dart/jaguar_orm/issues/98,#34,Fevereiro,Jaguar ORM,,,,,
https://github.com/Jaguar-dart/jaguar_orm/pull/102,#34,Fevereiro,Jaguar ORM,,,,,
https://github.com/reactjs/pt-BR.reactjs.org/pull/16,#35,Fevereiro,ReactJS,,,,,
https://github.com/reactjs/pt-BR.reactjs.org/pull/17,#35,Fevereiro,ReactJS,,,,,
https://github.com/reactjs/pt-BR.reactjs.org/pull/20,#35,Fevereiro,ReactJS,,,,,
https://github.com/reactjs/pt-BR.reactjs.org/pull/60,#35,Fevereiro,ReactJS,,,,,
https://github.com/amatsuda/heavens_door/pull/10,#35,Fevereiro,Heavens Door,,,,,
https://github.com/amatsuda/heavens_door/pull/12,#35,Fevereiro,Heavens Door,,,,,
https://github.com/amatsuda/heavens_door/pull/13,#35,Fevereiro,Heavens Door,,,,,
https://github.com/jgthms/bulma/pull/2354,#35,Fevereiro,Bulma,,,,,
https://github.com/lejard-h/chopper/issues/21,#35,Fevereiro,Outros,,,,,
https://github.com/nishantsubedi/data_validator/pull/1,#35,Fevereiro,Outros,,,,,
https://github.com/OmniTrade/client-dart/pull/1,#35,Fevereiro,Omnitrade,,,,,
https://github.com/mui-org/material-ui/pull/14418,#35,Fevereiro,Material UI,,,,,
https://github.com/opencollective/opencollective-frontend/pull/1378,#35,Fevereiro,Outros,,,,,
https://github.com/codetriage/codetriage/pull/909,#35,Fevereiro,Codetriage,,,,,
https://github.com/getsentry/sentry-docs/pull/766,#35,Fevereiro,Sentry,,,,,
https://github.com/LuanGB/hiraishin/pull/1,#35,Fevereiro,Outros,,,,,
https://github.com/Codeminer42/cm42-central/pull/495,#35,Fevereiro,Central,,,,,
https://github.com/OmniTrade/client-ruby/pull/21,#35,Fevereiro,Omnitrade,,,,,
https://github.com/Codeminer42/cm42-central/pull/501,#35,Fevereiro,Central,,,,,
https://github.com/reactjs/reactjs.org/pull/1673,#36,Fevereiro,ReactJS,,,,,
https://github.com/reactjs/reactjs.org/pull/1666\,#36,Fevereiro,ReactJS,,,,,
https://github.com/ruby-marks/ruby-marks/pull/26,#36,Fevereiro,Ruby Marks,,,,,
https://github.com/carlosantoniodasilva/i18n_alchemy/pull/48,#36,Fevereiro,Outros,,,,,
https://github.com/sinatra/sinatra/pull/1523,#36,Fevereiro,Sinatra,,,,,
https://github.com/elixir-lang/elixir/pull/8804,#36,Fevereiro,Elixir,,,,,
https://github.com/Codeminer42/cm42-central/pull/502,#36,Fevereiro,Central,,,,,
https://github.com/theuves/pluralizador.js/pull/4,#36,Fevereiro,Outros,,,,,
https://github.com/theuves/dicio/pull/11,#36,Fevereiro,Outros,,,,,
https://github.com/freeCodeCamp/how-to-contribute-to-open-source/pull/287,#36,Fevereiro,Outros,,,,,
https://github.com/lancedikson/bowser/pull/295,#36,Fevereiro,Bowser,,,,,
https://github.com/opencollective/opencollective-frontend/pull/1414,#36,Fevereiro,Outros,,,,,
https://github.com/reactjs/pt-BR.reactjs.org/pull/88,#36,Fevereiro,ReactJS,,,,,
https://github.com/reactjs/pt-BR.reactjs.org/pull/36,#36,Fevereiro,ReactJS,,,,,
https://github.com/vuejs/vuejs.org/pull/2021,#37,Fevereiro,VueJS,,,,,
https://github.com/Kutomore/idle-developer/pull/1,#37,Fevereiro,Outros,,,,,
https://github.com/Kutomore/idle-developer/pull/2,#37,Fevereiro,Outros,,,,,
https://github.com/mateuspenha/ip_externo/pull/1,#37,Fevereiro,Outros,,,,,
https://github.com/OmniTrade/client-dart/pull/2,#37,Fevereiro,Omnitrade,,,,,
https://github.com/drapergem/draper/pull/845,#37,Fevereiro,Draper,,,,,
https://github.com/carlosantoniodasilva/i18n_alchemy/pull/49,#37,Fevereiro,Outros,,,,,
https://github.com/talyssonoc/structure/pull/76,#37,Fevereiro,Structure,,,,,
https://github.com/Codeminer42/cm42-central/pull/521,#37,Fevereiro,Central,,,,,
https://github.com/Codeminer42/cm42-central/pull/519,#37,Fevereiro,Central,,,,,
https://github.com/Codeminer42/cm42-central/pull/515,#37,Fevereiro,Central,,,,,
https://github.com/rails-sqlserver/activerecord-sqlserver-adapter/pull/681,#37,Fevereiro,Rails SQL Server,,,,,
https://gitlab.com/rotaract/adirc/merge_requests/19,#37,Fevereiro,Outros,,,,,
https://github.com/stympy/faker/pull/1543,#37,Fevereiro,Faker,,,,,
https://github.com/mikker/passwordless/pull/42,#37,Fevereiro,Passwordless,,,,,
https://github.com/plataformatec/devise/pull/5028,#37,Fevereiro,Devise,,,,,
https://github.com/plataformatec/devise/pull/5029,#37,Fevereiro,Devise,,,,,
https://github.com/fhelwanger/bayesjs/pull/4,#37,Fevereiro,BayesJS,,,,,
https://github.com/stympy/faker/pull/1548,#37,Fevereiro,Faker,,,,,
https://github.com/thepracticaldev/dev.to/pull/1866,#37,Fevereiro,Dev TO,,,,,
https://github.com/consul/consul/pull/3317,#37,Fevereiro,Consul,,,,,
https://github.com/raisezhang/react-drag-listview/pull/23,#37,Fevereiro,Outros,,,,,
https://github.com/ruby-marks/ruby-marks/pull/28,#37,Fevereiro,Ruby Marks,,,,,
https://github.com/OmniTrade/client-jvm/pull/1,#37,Fevereiro,Omnitrade,,,,,
https://github.com/ruby-marks/ruby-marks/pull/31,#38,Março,Ruby Marks,,,,,
https://github.com/ruby-marks/ruby-marks/pull/32,#38,Março,Ruby Marks,,,,,
https://github.com/ruby-marks/ruby-marks/pull/33,#38,Março,Ruby Marks,,,,,
https://github.com/react-navigation/react-navigation-drawer/pull/55,#38,Março,Outros,,,,,
https://github.com/Codeminer42/cm42-central/pull/524,#38,Março,Central,,,,,
https://github.com/rails/rails/pull/35498,#38,Março,Rails,,,,,
https://github.com/rubyforgood/applied-conservation/pull/126,#38,Março,Applied Conversation,,,,,
https://github.com/talyssonoc/structure/pull/69,#38,Março,Structure,,,,,
https://github.com/talyssonoc/structure/pull/76,#38,Março,Structure,,,,,
https://github.com/talyssonoc/structure/pull/80,#38,Março,Structure,,,,,
https://github.com/talyssonoc/structure/pull/81,#38,Março,Structure,,,,,
https://github.com/Codeminer42/cm42-central/pull/528,#38,Março,Central,,,,,
https://github.com/rails-sqlserver/activerecord-sqlserver-adapter/pull/681,#38,Março,Rails SQL Server,,,,,
https://github.com/talyssonoc/structure/pull/79,#38,Março,Structure,,,,,
https://github.com/Codeminer42/cm42-central/pull/526,#38,Março,Central,,,,,
https://github.com/stympy/faker/pull/1555,#38,Março,Faker,,,,,
https://github.com/vsTerminus/Discord-NP/pull/11,#38,Março,Discord NP,,,,,
https://github.com/BoostIO/Boostnote/pull/2908,#38,Março,BoostIO,,,,,
https://github.com/mozilla-mobile/android-components/pull/2223,#38,Março,Android Components,,,,,
https://github.com/mozilla-lockbox/lockbox-android/pull/486,#38,Março,Lockbox Android,,,,,
https://github.com/ifmeorg/ifme/pull/1381,#38,Março,IFME,,,,,
https://github.com/reactjs/pt-BR.reactjs.org/pull/148,#38,Março,ReactJS,,,,,
https://github.com/petrovicstefanrs/30_seconds_of_knowledge/pull/40,#39,Março,Outros,,,,,
https://github.com/florianjosefreheis/30-seconds-of-ruby/pull/4,#39,Março,Outros,,,,,
https://github.com/drapergem/draper/pull/849,#39,Março,Draper,,,,,
https://github.com/drapergem/draper/pull/850,#39,Março,Draper,,,,,
https://github.com/pusewicz/refile-cloudinary/pull/9,#39,Março,Refile Cloudinary,,,,,
https://github.com/twilio/twilio-ruby/pull/445,#39,Março,Twilio Ruby,,,,,
https://github.com/publiclab/plots2/pull/5014,#39,Março,Plots2,,,,,
https://github.com/florianjosefreheis/30-seconds-of-ruby/pull/3,#39,Março,Outros,,,,,
https://github.com/florianjosefreheis/30-seconds-of-ruby/pull/2,#39,Março,Outros,,,,,
https://github.com/stympy/faker/pull/1564,#39,Março,Faker,,,,,
https://github.com/Codeminer42/cm42-central/pull/498,#39,Março,Central,,,,,
https://github.com/activeadmin/activeadmin/pull/5694,#39,Março,Active Admin,,,,,
https://github.com/react-component/select/pull/387,#39,Março,React Components,,,,,
https://github.com/rubocop-hq/rubocop/pull/6831,#40,Março,Rubocop,,,,,
https://github.com/jfairbank/chroma/pull/29,#40,Março,Chroma,,,,,
https://github.com/rubocop-hq/rubocop/pull/6836,#40,Março,Rubocop,,,,,
https://github.com/reactjs/pt-BR.reactjs.org/pull/148,#40,Março,ReactJS,,,,,
https://github.com/thoughtbot/shoulda-matchers/pull/1192,#40,Março,Shoulda Matchers,,,,,
https://github.com/drapergem/draper/pull/852,#40,Março,Draper,,,,,
https://github.com/ruby-marks/ruby-marks/pull/34,#40,Março,Ruby Marks,,,,,
https://github.com/rubyforgood/applied-conservation/pull/127,#40,Março,Applied Conversation,,,,,
https://github.com/talyssonoc/structure/pull/83,#40,Março,Structure,,,,,
https://github.com/codetriage/codetriage/pull/931,#40,Março,Codetriage,,,,,
https://github.com/codetriage/codetriage/pull/909,#40,Março,Codetriage,,,,,
https://github.com/codetriage/codetriage/pull/930,#40,Março,Codetriage,,,,,
https://github.com/svenfuchs/rails-i18n/pull/836,#40,Março,Rails I18n,,,,,
https://github.com/talyssonoc/structure/pull/86,#40,Março,Structure,,,,,
https://github.com/joaomangilli/nested_attributes_uniqueness_validator,#40,Março,Outros,,,,,
https://github.com/petrovicstefanrs/30_seconds_of_knowledge/issues/50,#41,Abril,Outros,,,,,
https://github.com/OpenFlutter/flutter_listview_loadmore/pull/9,#41,Abril,Outros,,,,,
https://github.com/callstack/react-native-paper/pull/954,#41,Abril,React Native Paper,,,,,
https://github.com/thoughtbot/shoulda-matchers/pull/1197,#41,Abril,Shoulda Matchers,,,,,
https://github.com/refile/refile/pull/586,#41,Abril,Refile,,,,,
https://github.com/refile/refile/pull/587,#41,Abril,Refile,,,,,
https://github.com/plentycode/sass-export/pull/54,#41,Abril,Sass Export,,,,,
https://github.com/xotahal/react-native-material-ui/issues/432,#41,Abril,React Native Material UI,,,,,
https://github.com/xotahal/react-native-material-ui/issues/433,#41,Abril,React Native Material UI,,,,,
https://github.com/xotahal/react-native-material-ui/issues/426,#41,Abril,React Native Material UI,,,,,
https://github.com/codetriage/codetriage/pull/943,#41,Abril,Codetriage,,,,,
https://github.com/codetriage/codetriage/pull/944,#41,Abril,Codetriage,,,,,
https://github.com/petrovicstefanrs/30_seconds_of_knowledge/pull/39,#41,Abril,Outros,,,,,
https://github.com/activeadmin/activeadmin/pull/5722,#41,Abril,Active Admin,,,,,
https://github.com/rubykube/peatio/pull/2143,#41,Abril,Peatio,,,,,
https://github.com/callstack/react-native-paper/pull/972,#42,Abril,React Native Paper,,,,,
https://github.com/osmlab/name-suggestion-index/pull/2552,#42,Abril,Outros,,,,,
https://github.com/fhelwanger/bayesjs-editor/pull/12,#42,Abril,BayesJS,,,,,
https://github.com/rubykube/peatio/pull/2159,#42,Abril,Peatio,,,,,
https://github.com/ffaker/ffaker/pull/393,#43,Abril,FFaker,,,,,
https://github.com/petrovicstefanrs/30_seconds_of_knowledge/pull/59,#43,Abril,Outros,,,,,
https://github.com/callstack/react-native-paper/pull/982,#43,Abril,React Native Paper,,,,,
https://github.com/Deadly0/final-form-material-ui/pull/18,#43,Abril,Outros,,,,,
https://github.com/refile/refile/pull/585,#43,Abril,Refile,,,,,
https://github.com/xotahal/react-native-material-ui/pull/440,#43,Abril,React Native Material UI,,,,,
https://github.com/codetriage/codetriage/pull/962,#43,Abril,Codetriage,,,,,
https://github.com/cmatiello/pet-ap/pull/6,#43,Abril,Outros,,,,,
https://github.com/cmatiello/pet-ap/pull/7,#43,Abril,Outros,,,,,
https://github.com/brigand/ink-progress-bar/pull/8,#43,Abril,Outros,,,,,
https://github.com/devthiago/react-ui-hooks/pull/15,#43,Abril,React UI Hooks,,,,,
https://github.com/rubyforgood/diaper/pull/803,#43,Abril,Diaper,,,,,
https://github.com/rubyforgood/diaper/pull/805,#43,Abril,Diaper,,,,,
https://github.com/rubyforgood/diaper/pull/806,#43,Abril,Diaper,,,,,
https://github.com/Codeminer42/cm42-central/pull/543,#43,Abril,Central,,,,,
https://github.com/SoapBox/linkifyjs/pull/271,#43,Abril,Outros,,,,,
https://github.com/impress/impress.js/pull/730,#43,Abril,Impress,,,,,
https://github.com/globocom/share-bar/pull/42,#44,Abril,Share Bar,,,,,
https://github.com/callstack/react-native-paper/pull/996,#44,Abril,React Native Paper,,,,,
https://github.com/callstack/react-native-paper/pull/1001,#44,Abril,React Native Paper,,,,,
https://github.com/callstack/react-native-paper/pull/1004,#44,Abril,React Native Paper,,,,,
https://github.com/fernandes/reativo/pull/2,#44,Abril,Reativo,,,,,
https://github.com/rubyforgood/diaper/pull/807,#44,Abril,,,,,,
https://github.com/rubyforgood/diaper/pull/810,#44,Abril,,,,,,
https://github.com/welldone-software/why-did-you-render/pull/19,#44,Abril,,,,,,
https://github.com/jlindsey/semantic/pull/38,#44,Abril,,,,,,
https://github.com/fhelwanger/bayesjs-editor/pull/13,#44,Abril,,,,,,
https://github.com/joaomangilli/active_record_immutable,#44,Abril,,,,,,
https://github.com/rubykube/peatio/pull/2175,#44,Abril,,,,,,
https://github.com/ng-girls/todo-list-tutorial-portuguese/pull/46,#44,Abril,,,,,,
https://gitlab42.com/Codeminer42/Codeminer-42/merge_requests/147,#44,Abril,,,,,,
http://gitlab42.com/Codeminer42/Codeminer-42/merge_requests/144,#44,Abril,,,,,,
https://github.com/SoapBox/linkifyjs/pull/272,#44,Abril,,,,,,
https://github.com/willamesoares/simple-html-tokenizer/commit/2dde938cd1e46ed7c013e0592e37442fb4b202ba,#44,Abril,,,,,,
https://github.com/yardnsm/ink-text-animation/pull/1,#45,Abril,,,,,,
https://github.com/final-form/react-final-form-hooks/pull/40,#45,Abril,,,,,,
https://github.com/kevva/ink-confirm-input/pull/1,#45,Abril,,,,,,
https://github.com/rubyforgood/diaper/pull/818,#45,Abril,,,,,,
https://github.com/thoughtbot/administrate/pull/1334,#45,Abril,,,,,,
https://github.com/projetodacbr/dacbr_cnpj/pull/1,#45,Abril,,,,,,
https://github.com/callstack/react-native-paper/pull/1028,#45,Abril,,,,,,
https://github.com/react-navigation/react-navigation.github.io/pull/419,#45,Abril,,,,,,
https://github.com/rubyforgood/diaper/pull/812,#45,Abril,,,,,,
https://github.com/rubyforgood/diaper/pull/816,#45,Abril,,,,,,
https://github.com/codetriage/codetriage/pull/975,#45,Abril,,,,,,
https://github.com/cmatiello/pet-ap/pull/8,#45,Abril,,,,,,
https://github.com/fhelwanger/bayesjs-editor/pull/15,#45,Abril,,,,,,
https://github.com/rubyforgood/diaper/pull/819,#45,Abril,,,,,,
https://github.com/final-form/react-final-form-hooks/pull/41,#45,Abril,,,,,,
https://github.com/rubykube/peatio/pull/2189,#45,Abril,,,,,,
https://gitlab42.com/Codeminer42/Rubyconf-Brasil-CFP/merge_requests/46,#45,Abril,,,,,,
https://github.com/Codeminer42/cm42-central/pull/546,#45,Abril,,,,,,
https://github.com/callstack/react-native-paper/pull/996,#46,Maio,,,,,,
https://github.com/rubyforgood/diaper/pull/946,#46,Maio,,,,,,
https://github.com/rubyforgood/diaper/pull/966,#46,Maio,,,,,,
https://github.com/ilyakatz/data-migrate/pull/122,#46,Maio,,,,,,
https://github.com/rubyforgood/diaper/pull/967,#46,Maio,,,,,,
https://github.com/clarkbw/jest-localstorage-mock/pull/104,#46,Maio,,,,,,
https://github.com/final-form/react-final-form-hooks/pull/42,#46,Maio,,,,,,
https://github.com/rubykube/peatio/pull/2198,#46,Maio,,,,,,
https://github.com/sveltejs/svelte-repl/pull/10,#46,Maio,,,,,,
https://github.com/infinitered/gluegun/pull/517,#47,Maio,,,,,,
https://github.com/react-native-community/react-native-blur/pull/313,#47,Maio,,,,,,
https://github.com/react-navigation/react-navigation/pull/5898,#47,Maio,,,,,,
https://github.com/rubyforgood/diaper/pull/987,#47,Maio,,,,,,
https://github.com/rubyforgood/diaper/pull/988,#47,Maio,,,,,,
https://github.com/rubyforgood/diaper/pull/970,#47,Maio,,,,,,
https://github.com/rubyforgood/diaper/pull/971,#47,Maio,,,,,,
https://github.com/rubyforgood/diaper/pull/975,#47,Maio,,,,,,
https://github.com/davydovanton/sidekiq-statistic/pull/126,#47,Maio,,,,,,
https://github.com/fernandes/reativo/pull/3,#47,Maio,,,,,,
https://github.com/fhelwanger/bayesjs-editor/pull/16,#47,Maio,,,,,,
https://github.com/rubyforgood/diaper/pull/969,#47,Maio,,,,,,
https://github.com/rubyforgood/diaper/pull/976,#47,Maio,,,,,,
https://github.com/rubyforgood/diaper/pull/983,#47,Maio,,,,,,
https://github.com/rubyforgood/diaper/pull/985,#47,Maio,,,,,,
https://github.com/rubyforgood/diaper/pull/986,#47,Maio,,,,,,
https://github.com/mozilla-lockwise/lockwise-android/pull/659,#47,Maio,,,,,,
https://github.com/rubyforgood/diaper/pull/981,#47,Maio,,,,,,
https://github.com/ng-girls/todo-list-tutorial-portuguese/pull/57,#47,Maio,,,,,,
https://github.com/rubyforgood/diaper/pull/984,#47,Maio,,,,,,
https://github.com/rubyforgood/diaper/pull/982,#47,Maio,,,,,,
https://github.com/rubyforgood/diaper/pull/979,#47,Maio,,,,,,
https://github.com/rubyforgood/diaper/pull/978,#47,Maio,,,,,,
https://github.com/rubyforgood/diaper/pull/977,#47,Maio,,,,,,
https://github.com/Ethiel97/nice_button/pull/1,#48,Maio,,,,,,
https://github.com/Solido/awesome-flutter/pull/400,#48,Maio,,,,,,
https://github.com/callstack/react-native-paper/pull/1063,#48,Maio,,,,,,
https://github.com/rubyforgood/diaper/pull/991,#48,Maio,,,,,,
https://github.com/rubyforgood/diaper/pull/995,#48,Maio,,,,,,
https://github.com/rubyforgood/diaper/pull/999,#48,Maio,,,,,,
https://github.com/weppos/publicsuffix-ruby/pull/160,#48,Maio,,,,,,
https://github.com/Rocketseat/unform/pull/45,#48,Maio,,,,,,
https://github.com/rubyforgood/diaper/pull/1007,#48,Maio,,,,,,
https://github.com/zenspider/enhanced-ruby-mode/pull/162,#48,Maio,,,,,,
https://github.com/zenspider/enhanced-ruby-mode/pull/163,#48,Maio,,,,,,
https://github.com/bayesjs/bayesjs-editor/pull/17,#48,Maio,,,,,,
https://github.com/bayesjs/bayesjs-editor/pull/18,#48,Maio,,,,,,
https://github.com/rubyforgood/diaper/pull/1000,#48,Maio,,,,,,
https://github.com/rubyforgood/diaper/pull/993,#48,Maio,,,,,,
https://github.com/rubyforgood/diaper/pull/997,#48,Maio,,,,,,
https://github.com/rubyforgood/diaper/pull/994,#48,Maio,,,,,,
https://github.com/rubyforgood/diaper/pull/998,#48,Maio,,,,,,
https://github.com/callstack/react-native-paper/pull/1088,#49,Maio,,,,,,
https://github.com/rubyforgood/diaper/pull/1012,#49,Maio,,,,,,
https://github.com/plentz/lol_dba/pull/107,#49,Maio,,,,,,
https://github.com/chrismccord/render_sync/pull/251,#49,Maio,,,,,,
https://github.com/JeffreyWay/laravel-mix/pull/2113,#49,Maio,,,,,,
https://github.com/cmatiello/pet-ap/pull/10,#49,Maio,,,,,,
https://github.com/leon-ai/docs.getleon.ai/pull/5,#49,Maio,,,,,,
https://github.com/rubyforgood/diaper/pull/1015,#49,Maio,,,,,,
https://github.com/busyorg/busy/pull/2204,#49,Maio,,,,,,
https://github.com/mozilla-lockwise/lockwise-android/pull/709,#49,Maio,,,,,,
https://github.com/rubyforgood/diaper/pull/1015,#49,Maio,,,,,,
https://github.com/callstack/react-native-paper/pull/1094,#50,Junho,,,,,,
https://github.com/rubyforgood/diaper/pull/1031,#50,Junho,,,,,,
https://github.com/sinatra/sinatra/pull/1540,#50,Junho,,,,,,
https://github.com/gocardless/statesman/pull/348,#50,Junho,,,,,,
https://github.com/idyll-lang/idyll/pull/515,#50,Junho,,,,,,
https://github.com/iagodahlem/tiempo/pull/21,#50,Junho,,,,,,
https://github.com/mozilla-lockwise/lockwise-android/pull/710,#50,Junho,,,,,,
https://github.com/rubyforgood/diaper/pull/1043,#51,Junho,,,,,,
https://github.com/rubyforgood/diaper/pull/1044,#51,Junho,,,,,,
https://github.com/cmatiello/pet-ap/pull/11,#51,Junho,,,,,,
https://github.com/rubyforgood/diaper/pull/1053,#51,Junho,,,,,,
https://github.com/sinatra/sinatra/pull/1543,#51,Junho,,,,,,
https://github.com/rubyforgood/diaper/pull/1046,#51,Junho,,,,,,
https://github.com/rubyforgood/diaper/pull/1049,#51,Junho,,,,,,
https://github.com/plentz/lol_dba/pull/108,#52,Junho,,,,,,
https://github.com/cmatiello/pet-ap/pull/12,#52,Junho,,,,,,
https://github.com/rubyforgood/diaper/pull/1062,#52,Junho,,,,,,
https://github.com/rubyforgood/diaper/pull/1060,#52,Junho,,,,,,
https://github.com/rubyforgood/diaper/pull/1064,#52,Junho,,,,,,
https://github.com/rubyforgood/diaper/pull/1065,#52,Junho,,,,,,
https://github.com/rubyforgood/diaper/pull/1066,#52,Junho,,,,,,
https://github.com/bayesjs/bayesjs-editor/pull/19,#52,Junho,,,,,,
https://github.com/rubyforgood/diaper/pull/1059,#52,Junho,,,,,,
https://github.com/nolleto/how-long-i-ve-been-waiting-for-my-ps4,#52,Junho,,,,,,
https://github.com/elias19r/coin_price,#52,Junho,,,,,,
https://github.com/rubyforgood/diaper/pull/1069,#53,Junho,,,,,,
https://github.com/iagodahlem/tiempo/pull/26,#53,Junho,,,,,,
https://github.com/consul/consul/pull/3634,#53,Junho,,,,,,
https://github.com/rubyforgood/diaper/pull/1075,#53,Junho,,,,,,
https://github.com/davydovanton/sidekiq-statistic/pull/128,#53,Junho,,,,,,
https://github.com/jameswlane/react-pure-loaders/pull/536,#53,Junho,,,,,,
https://github.com/sequelize/sequelize/pull/11097,#53,Junho,,,,,,
https://github.com/heapsource/active_model_otp/pull/56,#53,Junho,,,,,,
https://github.com/kotlintest/kotlintest/pull/861,#53,Junho,,,,,,
https://github.com/kotlintest/kotlintest/pull/857,#53,Junho,,,,,,
https://github.com/kotlintest/kotlintest/pull/848,#53,Junho,,,,,,
https://github.com/kotlintest/kotlintest/pull/846,#53,Junho,,,,,,
https://github.com/promdate/PromdateAndroid/pull/25,#53,Junho,,,,,,
https://github.com/rubyforgood/diaper/pull/1070,#53,Junho,,,,,,
https://github.com/consul/consul/pull/3647,#54,Julho,,,,,,
https://github.com/thepracticaldev/dev.to/pull/3339,#54,Julho,,,,,,
https://github.com/thepracticaldev/dev.to/pull/3299,#54,Julho,,,,,,
https://github.com/jameswlane/reactpureloaders.io/pull/1,#54,Julho,,,,,,
https://github.com/rooseveltframework/roosevelt/pull/741,#54,Julho,,,,,,
https://github.com/graasp/graasp-desktop/pull/112,#54,Julho,,,,,,
https://github.com/graasp/graasp-desktop/pull/113,#54,Julho,,,,,,
https://github.com/WTMBerlin/WTMBApp/pull/51,#54,Julho,,,,,,
https://github.com/tripathiamritansh/searchFlix/pull/12,#54,Julho,,,,,,
https://github.com/tripathiamritansh/searchFlix/pull/11,#54,Julho,,,,,,
https://github.com/wdlsvnit/notekeeper-android/pull/8,#54,Julho,,,,,,
https://github.com/AbdAllahAbdElFattah13/clean-rss-fiveagency/pull/5,#54,Julho,,,,,,
https://github.com/mozilla-lockwise/lockwise-android/pull/801,#54,Julho,,,,,,
https://github.com/kotlintest/kotlintest/pull/866,#54,Julho,,,,,,
https://github.com/kotlintest/kotlintest/pull/864,#54,Julho,,,,,,
https://github.com/thepracticaldev/dev.to/pull/3325,#54,Julho,,,,,,
https://github.com/davydovanton/sidekiq-statistic/pull/129,#54,Julho,,,,,,
https://github.com/davydovanton/sidekiq-statistic/pull/128,#54,Julho,,,,,,
https://github.com/rubyforgood/diaper/pull/1081,#55,Julho,,,,,,
https://github.com/thepracticaldev/dev.to/pull/3339,#55,Julho,,,,,,
https://github.com/utfpr-gp/auto-repair-shop/pull/8,#55,Julho,,,,,,
https://github.com/elias19r/coin_price/pull/8,#55,Julho,,,,,,
https://github.com/elias19r/coin_price/pull/7,#55,Julho,,,,,,
https://github.com/elias19r/coin_price/pull/6,#55,Julho,,,,,,
https://github.com/elias19r/coin_price/pull/5,#55,Julho,,,,,,
https://github.com/elias19r/coin_price/pull/4,#55,Julho,,,,,,
https://github.com/elias19r/coin_price/pull/3,#55,Julho,,,,,,
https://github.com/elias19r/coin_price/pull/2,#55,Julho,,,,,,
https://github.com/windsorschmidt/disable-workspace-switcher-popup/pull/34,#55,Julho,,,,,,
https://github.com/youurayy/gfms/pull/40,#55,Julho,,,,,,
https://github.com/youurayy/gfms/pull/39,#55,Julho,,,,,,
https://github.com/talyssonoc/structure/pull/92,#55,Julho,,,,,,
https://github.com/talyssonoc/structure/pull/91,#55,Julho,,,,,,
https://github.com/graasp/graasp-desktop/pull/129,#55,Julho,,,,,,
https://github.com/graasp/graasp-desktop/pull/128,#55,Julho,,,,,,
https://github.com/graasp/graasp-desktop/pull/127,#55,Julho,,,,,,
https://github.com/gatsbyjs/gatsby/pull/15416,#55,Julho,,,,,,
https://github.com/tastejs/todomvc/pull/1980,#55,Julho,,,,,,
https://github.com/graasp/graasp-desktop/pull/126,#55,Julho,,,,,,
https://github.com/callstack/react-native-paper/pull/1192,#55,Julho,,,,,,
https://github.com/callstack/react-native-paper/pull/1191,#55,Julho,,,,,,
https://github.com/callstack/react-native-paper/pull/1185,#55,Julho,,,,,,
https://github.com/callstack/react-native-paper/pull/1174,#55,Julho,,,,,,
https://github.com/tomatoers/tomato/pull/64,#55,Julho,,,,,,
https://github.com/tomatoers/tomato/pull/63,#55,Julho,,,,,,
https://github.com/DeLaiT/Shopping-List-Android/pull/9,#55,Julho,,,,,,
https://github.com/DeLaiT/Shopping-List-Android/pull/7,#55,Julho,,,,,,
https://github.com/DeLaiT/Shopping-List-Android/pull/5,#55,Julho,,,,,,
https://github.com/DeLaiT/Shopping-List-Android/pull/4,#55,Julho,,,,,,
https://github.com/DeLaiT/Shopping-List-Android/pull/3,#55,Julho,,,,,,
https://github.com/WTMBerlin/WTMBApp/pull/52,#55,Julho,,,,,,
https://github.com/kotlintest/kotlintest/pull/878,#55,Julho,,,,,,
https://github.com/kotlintest/kotlintest/pull/871,#55,Julho,,,,,,
https://github.com/kotlintest/kotlintest/pull/870,#55,Julho,,,,,,
https://github.com/rubyforgood/partner/pull/127,#56,Julho,,,,,,
https://github.com/iagodahlem/tiempo/pull/29,#56,Julho,,,,,,
https://github.com/moment/luxon/pull/527,#56,Julho,,,,,,
https://github.com/iagodahlem/flokit/pull/4,#56,Julho,,,,,,
https://github.com/iagodahlem/flokit/pull/3,#56,Julho,,,,,,
https://github.com/talyssonoc/structure/pull/93,#56,Julho,,,,,,
https://github.com/callstack/react-native-paper/pull/1199,#56,Julho,,,,,,
https://github.com/callstack/react-native-paper/pull/1192,#56,Julho,,,,,,
https://github.com/boacausa/webplatform/pull/90,#56,Julho,,,,,,
https://github.com/SoftwareEngineeringDaily/software-engineering-daily-android/pull/16,#56,Julho,,,,,,
https://github.com/systers/mentorship-android/pull/229,#56,Julho,,,,,,
https://github.com/systers/mentorship-android/pull/228,#56,Julho,,,,,,
https://github.com/crowdfluence/PromdateAndroid/pull/27,#56,Julho,,,,,,
https://github.com/rubyforgood/reciprocity/pull/146,#57,Julho,,,,,,
https://github.com/rubyforgood/reciprocity/pull/145,#57,Julho,,,,,,
https://github.com/elias19r/coin_price/pull/9,#57,Julho,,,,,,
https://github.com/vcr/vcr/pull/761,#57,Julho,,,,,,
https://github.com/devthiago/react-ui-hooks/pull/26,#57,Julho,,,,,,
https://github.com/fatfreecrm/fat_free_crm/pull/827 [bugfix],#57,Julho,,,,,,
https://github.com/iagodahlem/flokit/pull/6,#57,Julho,,,,,,
https://github.com/iagodahlem/flokit/pull/5,#57,Julho,,,,,,
https://github.com/callstack/react-native-paper/pull/1223,#57,Julho,,,,,,
https://github.com/AbdAllahAbdElFattah13/clean-rss-fiveagency/pull/8,#57,Julho,,,,,,
https://github.com/AbdAllahAbdElFattah13/clean-rss-fiveagency/pull/7,#57,Julho,,,,,,
https://github.com/AbdAllahAbdElFattah13/clean-rss-fiveagency/pull/6,#57,Julho,,,,,,
https://github.com/SoftwareEngineeringDaily/software-engineering-daily-android/pull/19,#57,Julho,,,,,,
https://github.com/WTMBerlin/WTMBApp/pull/54,#57,Julho,,,,,,
https://github.com/kotlintest/kotlintest/pull/894,#57,Julho,,,,,,
https://github.com/rubyforgood/diaper/pull/1122,#58,Julho,,,,,,
https://github.com/travisjeffery/timecop/pull/245,#58,Julho,,,,,,
https://github.com/ifad/carrierwave-colore/pull/3,#58,Julho,,,,,,
https://github.com/davydovanton/sidekiq-statistic/pull/130,#58,Julho,,,,,,
https://github.com/education/classroom/pull/2096,#58,Julho,,,,,,
https://github.com/WhatTheFar/android-clean-mvp-vm/pull/3,#58,Julho,,,,,,
https://github.com/WTMBerlin/WTMBApp/pull/55,#58,Julho,,,,,,
https://github.com/muratcanbur/ProjectX/pull/21,#58,Julho,,,,,,
https://github.com/idyll-lang/idyll/pull/570,#58,Julho,,,,,,
https://github.com/helm/charts/pull/16007,#59,Agosto,,,,,,
https://github.com/wcandillon/react-native-expo-image-cache/pull/120,#59,Agosto,,,,,,
https://github.com/education/classroom/pull/2133,#59,Agosto,,,,,,
https://github.com/kotlintest/kotlintest/pull/934,#59,Agosto,,,,,,
https://github.com/rubyforgood/diaper/pull/1167,#60,Agosto,,,,,,
https://github.com/davydovanton/sidekiq-statistic/pull/137,#60,Agosto,,,,,,
https://github.com/bayesjs/bayesjs-editor/pull/23,#60,Agosto,,,,,,
https://github.com/callstack/react-native-paper/pull/1269,#60,Agosto,,,,,,
https://github.com/rubyforgood/diaper/pull/1173,#61,Agosto,,,,,,
https://github.com/pokemongovet/pokemongovet.github.io/pull/92,#61,Agosto,,,,,,
https://github.com/Sottti/Watch/pull/18,#61,Agosto,,,,,,
https://github.com/crowdfluence/PromdateAndroid/pull/34,#61,Agosto,,,,,,
https://github.com/crowdfluence/PromdateAndroid/pull/33,#61,Agosto,,,,,,
https://github.com/crowdfluence/PromdateAndroid/pull/31,#61,Agosto,,,,,,
https://github.com/crowdfluence/PromdateAndroid/pull/29,#61,Agosto,,,,,,
https://github.com/tailwindcss/tailwindcss/pull/1094,#62,Agosto,,,,,,
https://github.com/sequelize/sequelize/pull/11348,#62,Agosto,,,,,,
https://github.com/graasp/graasp-desktop/pull/176,#62,Agosto,,,,,,
https://github.com/Tanuj69/instagram-api/pull/3,#62,Agosto,,,,,,
https://github.com/davydovanton/sidekiq-statistic/pull/138,#62,Agosto,,,,,,
https://github.com/trekhleb/javascript-algorithms/pull/382,#62,Agosto,,,,,,
https://github.com/elias19r/coin_price/pull/10,#62,Agosto,,,,,,
https://github.com/sequelize/sequelize/pull/11350,#62,Agosto,,,,,,
https://github.com/mui-org/material-ui/pull/17097,#62,Agosto,,,,,,
https://github.com/mui-org/material-ui/pull/17078,#62,Agosto,,,,,,
https://github.com/codypearce/material-bread/pull/257,#62,Agosto,,,,,,
https://github.com/SimpleMobileTools/Simple-Gallery/pull/1560,#62,Agosto,,,,,,
https://github.com/pry/pry/pull/2076,#63,Setembro,,,,,,
https://github.com/rubyforgood/partner/pull/174,#63,Setembro,,,,,,
https://github.com/rubyforgood/diaper/pull/1204,#63,Setembro,,,,,,
https://github.com/jameswlane/react-pure-loaders/pull/618,#63,Setembro,,,,,,
https://github.com/jameswlane/react-pure-loaders/pull/616,#63,Setembro,,,,,,
https://github.com/graasp/graasp-desktop/pull/181,#63,Setembro,,,,,,
https://github.com/graasp/graasp-desktop/pull/180,#63,Setembro,,,,,,
https://github.com/apryor6/flask_accepts/pull/22,#63,Setembro,,,,,,
https://github.com/facebook/flow/pull/8045,#63,Setembro,,,,,,
https://github.com/rubyforgood/partner/pull/177,#63,Setembro,,,,,,
https://github.com/segmentio/evergreen/pull/619,#63,Setembro,,,,,,
https://github.com/withspectrum/spectrum/pull/5243,#63,Setembro,,,,,,
https://github.com/sinatra/sinatra/pull/1564,#63,Setembro,,,,,,
https://github.com/rubyforgood/partner/pull/176,#63,Setembro,,,,,,
https://github.com/rubyforgood/partner/pull/175,#63,Setembro,,,,,,
https://github.com/rubyforgood/partner/pull/171,#63,Setembro,,,,,,
https://github.com/rubyforgood/partner/pull/170,#63,Setembro,,,,,,
https://github.com/faker-ruby/faker/pull/1711,#63,Setembro,,,,,,
https://github.com/tylerbwong/stack/pull/39,#63,Setembro,,,,,,
https://github.com/rolandoasmat/Movie-Night/pull/52,#63,Setembro,,,,,,
https://github.com/WTMBerlin/WTMBApp/pull/56,#63,Setembro,,,,,,
https://github.com/extinctionrebellion/RebelsManager/pull/46,#63,Setembro,,,,,,
https://github.com/bergbergs/lit_ipsum/pull/16,#63,Setembro,,,,,,
https://github.com/bergbergs/lit_ipsum/pull/10,#63,Setembro,,,,,,
https://github.com/talyssonoc/structure/pull/95,#63,Setembro,,,,,,
https://github.com/jameswlane/react-pure-loaders/pull/622,#64,Setembro,,,,,,
https://github.com/jameswlane/react-pure-loaders/pull/621,#64,Setembro,,,,,,
https://github.com/NIteshx2/PyAssistant/pull/12,#64,Setembro,,,,,,
https://github.com/segmentio/evergreen/pull/622,#64,Setembro,,,,,,
https://github.com/rubyforgood/partner/pull/179,#64,Setembro,,,,,,
https://github.com/bayesjs/bayesjs-editor/pull/24,#64,Setembro,,,,,,
https://github.com/awesome-print/awesome_print/pull/369,#64,Setembro,,,,,,
https://github.com/lntrodev/introdev/pull/6,#64,Setembro,,,,,,
https://github.com/lntrodev/introdev/pull/5,#64,Setembro,,,,,,
https://github.com/mui-org/material-ui/pull/17304,#64,Setembro,,,,,,
https://github.com/rubyforgood/diaper/pull/1204,#64,Setembro,,,,,,
https://github.com/codypearce/material-bread/pull/263,#64,Setembro,,,,,,
https://github.com/codypearce/material-bread/pull/257,#64,Setembro,,,,,,
https://github.com/codypearce/material-bread/pull/281,#64,Setembro,,,,,,
https://github.com/codypearce/material-bread/pull/280,#64,Setembro,,,,,,
https://github.com/codypearce/material-bread/pull/275,#64,Setembro,,,,,,
https://github.com/openhab/openhab-android/pull/1514,#64,Setembro,,,,,,
https://github.com/thepracticaldev/dev.to/pull/3965,#64,Setembro,,,,,,
https://github.com/plouc/nivo/pull/683,#65,Setembro,,,,,,
https://github.com/graasp/graasp-desktop/pull/189,#65,Setembro,,,,,,
https://github.com/aio-libs/create-aio-app/pull/148,#65,Setembro,,,,,,
https://github.com/davydovanton/sidekiq-statistic/pull/139,#65,Setembro,,,,,,
https://github.com/rubyforgood/diaper/pull/1206,#65,Setembro,,,,,,
https://github.com/segmentio/evergreen/pull/628,#65,Setembro,,,,,,
https://github.com/segmentio/evergreen/pull/626,#65,Setembro,,,,,,
https://github.com/segmentio/evergreen/pull/625,#65,Setembro,,,,,,
https://github.com/mojombo/chronic/pull/395,#65,Setembro,,,,,,
https://github.com/rubyforgood/partner/pull/215,#65,Setembro,,,,,,
https://github.com/rubyforgood/diaper/pull/1207 [bugfix],#65,Setembro,,,,,,
https://github.com/bayesjs/bayesjs-editor/pull/25,#65,Setembro,,,,,,
https://github.com/react-native-community/cli/pull/689,#65,Setembro,,,,,,
https://github.com/lntrodev/introdev/pull/7,#65,Setembro,,,,,,
https://github.com/melihaksoy/Android-Kotlin-Modulerized-CleanArchitecture/pull/38,#65,Setembro,,,,,,
https://github.com/tylerbwong/stack/pull/51,#65,Setembro,,,,,,
https://github.com/tylerbwong/stack/pull/50,#65,Setembro,,,,,,
https://github.com/rubyforgood/partner/pull/180,#65,Setembro,,,,,,
https://github.com/talyssonoc/structure/pull/97,#65,Setembro,,,,,,
https://github.com/lntrodev/introdev/pull/8,#66,Setembro,,,,,,
https://github.com/ant-design/ant-design/pull/18909,#66,Setembro,,,,,,
https://github.com/rubyforgood/diaper/pull/1213,#66,Setembro,,,,,,
https://github.com/rubyforgood/voices-of-consent/pull/203,#66,Setembro,,,,,,
https://github.com/Marak/faker.js/pull/828,#66,Setembro,,,,,,
https://github.com/codetriage/codetriage/pull/1082,#66,Setembro,,,,,,
https://github.com/codetriage/codetriage/pull/1081,#66,Setembro,,,,,,
https://github.com/rubyforgood/diaper/pull/1210,#66,Setembro,,,,,,
https://github.com/rubyforgood/diaper/pull/1209,#66,Setembro,,,,,,
https://github.com/rubyforgood/partner/pull/216],#66,Setembro,,,,,,
https://github.com/rubyforgood/diaper/pull/1212,#66,Setembro,,,,,,
https://github.com/devthiago/react-ui-hooks/pull/28,#66,Setembro,,,,,,
https://github.com/hacktoberfestnh/hacktoberfestnh.github.io/pull/2,#66,Setembro,,,,,,
https://github.com/Lider123/mobile_desiregallery/pull/87,#66,Setembro,,,,,,
https://github.com/JakubMosakowski/ItemistEvolved/pull/29,#66,Setembro,,,,,,
https://github.com/tpfaff/Bernie2020/pull/62,#66,Setembro,,,,,,
https://github.com/SoftwareEngineeringDaily/software-engineering-daily-android/pull/34,#66,Setembro,,,,,,
https://github.com/HackIllinois/android/pull/161,#66,Setembro,,,,,,
https://github.com/HackIllinois/android/pull/160,#66,Setembro,,,,,,
https://github.com/HackIllinois/android/pull/158,#66,Setembro,,,,,,
https://github.com/diaspora/diaspora/pull/8059,#66,Setembro,,,,,,
https://github.com/davydovanton/sidekiq-statistic/pull/142,#66,Setembro,,,,,,
https://github.com/rubyforgood/diaper/pull/1226,#67,Setembro,,,,,,
https://github.com/rubyforgood/diaper/pull/1224,#67,Setembro,,,,,,
https://github.com/bayesjs/bayesjs-editor/pull/27,#67,Setembro,,,,,,
https://github.com/bayesjs/bayesjs-editor/pull/26,#67,Setembro,,,,,,
https://github.com/jquense/yup/pull/637,#67,Setembro,,,,,,
https://github.com/big-neon/bn-android-doorperson/pull/120,#67,Setembro,,,,,,
https://github.com/tylerbwong/stack/pull/54,#67,Setembro,,,,,,
https://github.com/code4romania/mon-vot-android-kotlin/pull/35,#67,Setembro,,,,,,
https://github.com/diaspora/diaspora/pull/8059,#67,Setembro,,,,,,
https://github.com/extinctionrebellion/RebelsManager/pull/62,#67,Setembro,,,,,,
https://github.com/saml-idp/saml_idp/pull/124,#68,Outubro,,,,,,
https://github.com/thepracticaldev/dev.to/pull/4238,#68,Outubro,,,,,,
https://github.com/grommet/grommet/pull/3406,#68,Outubro,,,,,,
https://github.com/grommet/grommet/pull/3403,#68,Outubro,,,,,,
https://github.com/mui-org/material-ui/pull/17690,#68,Outubro,,,,,,
https://github.com/rubyforgood/diaper/pull/1258,#68,Outubro,,,,,,
https://github.com/rubyforgood/diaper/pull/1257,#68,Outubro,,,,,,
https://github.com/scality/core-ui/pull/96,#68,Outubro,,,,,,
https://github.com/globocom/huskyCI-dashboard/pull/33,#68,Outubro,,,,,,
https://github.com/globocom/huskyCI-dashboard/pull/32,#68,Outubro,,,,,,
https://github.com/rubyforgood/diaper/pull/1248,#68,Outubro,,,,,,
https://github.com/rubyforgood/diaper/pull/1230,#68,Outubro,,,,,,
https://github.com/akiran/react-slick/pull/1641,#68,Outubro,,,,,,
https://github.com/rubyforgood/diaper/pull/1253,#68,Outubro,,,,,,
https://github.com/StheffanyHadlich/that-pokemon-quiz/pull/2,#68,Outubro,,,,,,
https://github.com/StheffanyHadlich/that-pokemon-quiz/pull/1,#68,Outubro,,,,,,
https://github.com/scality/core-ui/pull/95,#68,Outubro,,,,,,
https://github.com/cionescu/morpheus-heroku/pull/3,#68,Outubro,,,,,,
https://github.com/t2013anurag/transaction/pull/14,#68,Outubro,,,,,,
https://github.com/CircleCI-Public/aws-ecr-orb/pull/55,#68,Outubro,,,,,,
https://github.com/grommet/grommet/pull/3435,#68,Outubro,,,,,,
https://github.com/grommet/grommet/pull/3412,#68,Outubro,,,,,,
https://github.com/grommet/grommet/pull/3401,#68,Outubro,,,,,,
https://github.com/grommet/grommet/pull/3398,#68,Outubro,,,,,,
https://github.com/bayesjs/bayesjs-editor/pull/28,#68,Outubro,,,,,,
https://github.com/grommet/grommet/pull/3415,#68,Outubro,,,,,,
https://github.com/grommet/grommet/pull/3414,#68,Outubro,,,,,,
https://github.com/grommet/grommet/pull/3404,#68,Outubro,,,,,,
https://github.com/brunohkbx/react-native-material-backdrop-modal/pull/2,#68,Outubro,,,,,,
https://github.com/cybersemics/em-proto/pull/86,#68,Outubro,,,,,,
https://github.com/WikiEducationFoundation/apps-android-wikiedudashboard/pull/93,#68,Outubro,,,,,,
https://github.com/WikiEducationFoundation/apps-android-wikiedudashboard/pull/91,#68,Outubro,,,,,,
https://github.com/droidconKE/droidconKE2019App/pull/55,#68,Outubro,,,,,,
https://github.com/WikiEducationFoundation/apps-android-wikiedudashboard/pull/88,#68,Outubro,,,,,,
https://github.com/crowdfluence/PromdateAndroid/pull/37,#68,Outubro,,,,,,
https://github.com/crowdfluence/PromdateAndroid/pull/36,#68,Outubro,,,,,,
https://github.com/crowdfluence/PromdateAndroid/pull/35,#68,Outubro,,,,,,
https://github.com/tylerbwong/stack/pull/57,#68,Outubro,,,,,,
https://github.com/idyll-lang/idyll/pull/592,#68,Outubro,,,,,,
https://github.com/kotlintest/kotlintest/pull/1035,#68,Outubro,,,,,,
https://github.com/skrapeit/skrape.it/pull/54,#68,Outubro,,,,,,
https://github.com/skrapeit/skrape.it/pull/53,#68,Outubro,,,,,,
https://github.com/skrapeit/skrape.it/pull/52,#68,Outubro,,,,,,
https://github.com/code4romania/mon-vot-android-kotlin/pull/40,#68,Outubro,,,,,,
https://github.com/delaford/game/pull/107,#68,Outubro,,,,,,
https://github.com/Rickecr/CamaraDosDeputados/pull/15,#68,Outubro,,,,,,
https://github.com/technojam/technojam-frontend/pull/106,#68,Outubro,,,,,,
https://github.com/grommet/grommet/pull/3434,#68,Outubro,,,,,,
https://github.com/grommet/grommet/pull/3433,#68,Outubro,,,,,,
https://github.com/grommet/grommet/pull/3423,#68,Outubro,,,,,,
https://github.com/grommet/grommet/pull/3422,#68,Outubro,,,,,,
https://github.com/grommet/grommet/pull/3421,#68,Outubro,,,,,,
https://github.com/grommet/grommet/pull/3420,#68,Outubro,,,,,,
https://github.com/grommet/grommet/pull/3419,#68,Outubro,,,,,,
https://github.com/grommet/grommet/pull/3418,#68,Outubro,,,,,,
https://github.com/grommet/grommet/pull/3416,#68,Outubro,,,,,,
https://github.com/grommet/grommet/pull/3413,#68,Outubro,,,,,,
https://github.com/rubyforgood/babywearing/pull/99,#69,Outubro,,,,,,
https://github.com/rubyforgood/diaper/pull/1278,#69,Outubro,,,,,,
https://github.com/rubyforgood/diaper/pull/1279,#69,Outubro,,,,,,
https://github.com/thepracticaldev/dev.to/pull/4358,#69,Outubro,,,,,,
https://github.com/thepracticaldev/dev.to/pull/4355,#69,Outubro,,,,,,
https://github.com/rubyforgood/diaper/pull/1291,#69,Outubro,,,,,,
https://github.com/oneturkmen/automated-grading/pull/6,#69,Outubro,,,,,,
https://github.com/jameswlane/react-pure-loaders/pull/663,#69,Outubro,,,,,,
https://github.com/jameswlane/react-pure-loaders/pull/662,#69,Outubro,,,,,,
https://github.com/gatsbyjs/gatsby/pull/18620,#69,Outubro,,,,,,
https://github.com/grommet/grommet/pull/3436,#69,Outubro,,,,,,
https://github.com/grommet/grommet/pull/3434,#69,Outubro,,,,,,
https://github.com/grommet/grommet/pull/3433,#69,Outubro,,,,,,
https://github.com/rails/webpacker/pull/2318,#69,Outubro,,,,,,
https://github.com/rails/webpacker/pull/2316,#69,Outubro,,,,,,
https://github.com/Benardi/touvlo/pull/33,#69,Outubro,,,,,,
https://github.com/cucumber/cucumber-ruby/pull/1364,#69,Outubro,,,,,,
https://github.com/davydovanton/sidekiq-statistic/pull/146,#69,Outubro,,,,,,
https://github.com/grommet/grommet/pull/3451,#69,Outubro,,,,,,
https://github.com/OpenDevUFCG/IssueAi/pull/104,#69,Outubro,,,,,,
https://github.com/grommet/grommet/pull/3454,#69,Outubro,,,,,,
https://github.com/grommet/grommet/pull/3453,#69,Outubro,,,,,,
https://github.com/rubyforgood/diaper/pull/1281,#69,Outubro,,,,,,
https://github.com/bayesjs/bayesjs-editor/pull/41,#69,Outubro,,,,,,
https://github.com/bayesjs/bayesjs-editor/pull/39,#69,Outubro,,,,,,
https://github.com/bayesjs/bayesjs-editor/pull/38,#69,Outubro,,,,,,
https://github.com/grommet/grommet/pull/3435,#69,Outubro,,,,,,
https://github.com/boniattirodrigo/rate_limit_control/pull/2,#69,Outubro,,,,,,
https://github.com/rubyforgood/babywearing/pull/88,#69,Outubro,,,,,,
https://github.com/sagarchoudhary96/30-Days-Of-Code/pull/73,#69,Outubro,,,,,,
https://github.com/sagarchoudhary96/30-Days-Of-Code/pull/71,#69,Outubro,,,,,,
https://github.com/WikiEducationFoundation/apps-android-wikiedudashboard/pull/119,#69,Outubro,,,,,,
https://github.com/WikiEducationFoundation/apps-android-wikiedudashboard/pull/112,#69,Outubro,,,,,,
https://github.com/shadowmaru/ldap-client-rb/pull/1,#70,Outubro,,,,,,
https://github.com/rubyforgood/babywearing/pull/131,#70,Outubro,,,,,,
https://github.com/rubyforgood/diaper/pull/1293,#70,Outubro,,,,,,
https://github.com/Cajeh/cajeh-backend/pull/3,#70,Outubro,,,,,,
https://github.com/rubyforgood/partner/pull/224,#70,Outubro,,,,,,
https://github.com/bayesjs/bayesjs-editor/pull/44,#70,Outubro,,,,,,
https://github.com/thepracticaldev/dev.to/pull/4416,#70,Outubro,,,,,,
https://github.com/thepracticaldev/dev.to/pull/4415,#70,Outubro,,,,,,
https://github.com/marclerodrigues/carambolo/pull/15,#70,Outubro,,,,,,
https://github.com/rubyforgood/diaper/pull/1294,#70,Outubro,,,,,,
https://github.com/plouc/nivo/pull/722,#70,Outubro,,,,,,
https://github.com/davydovanton/sidekiq-statistic/pull/146,#70,Outubro,,,,,,
https://github.com/stellasia/neomap/pull/24,#70,Outubro,,,,,,
https://github.com/noahwaldner/community-index/pull/26,#70,Outubro,,,,,,
https://github.com/yottanami/shelf_officer/pull/5,#70,Outubro,,,,,,
https://github.com/noahwaldner/community-index/pull/23,#70,Outubro,,,,,,
https://github.com/AmirMehrabi/cssstyler/pull/25,#70,Outubro,,,,,,
https://github.com/noahwaldner/community-index/pull/16,#70,Outubro,,,,,,
https://github.com/rubyforgood/voices-of-consent/pull/376,#70,Outubro,,,,,,
https://github.com/rubyforgood/voices-of-consent/pull/375,#70,Outubro,,,,,,
https://github.com/aamay001/react-resume/pull/54,#70,Outubro,,,,,,
https://github.com/hackathon-grupo7/cucumber/pull/1,#70,Outubro,,,,,,
https://github.com/cernekee/stoken/pull/56,#70,Outubro,,,,,,
https://github.com/rubyforgood/babywearing/pull/162,#70,Outubro,,,,,,
https://github.com/rubyforgood/babywearing/pull/132,#70,Outubro,,,,,,
https://github.com/rubyforgood/coral/pull/95,#70,Outubro,,,,,,
https://github.com/rubyforgood/coral/pull/94,#70,Outubro,,,,,,
https://github.com/WikiEducationFoundation/apps-android-wikiedudashboard/pull/136,#70,Outubro,,,,,,
https://github.com/WikiEducationFoundation/apps-android-wikiedudashboard/pull/132,#70,Outubro,,,,,,
https://github.com/SparkEdUAB/sparked-client/pull/48,#70,Outubro,,,,,,
https://github.com/mui-org/material-ui/pull/17994,#71,Outubro,,,,,,
https://github.com/bayesjs/bayesjs-editor/pull/53,#71,Outubro,,,,,,
https://github.com/teresinahc/carambolo/pull/28,#71,Outubro,,,,,,
https://github.com/mui-org/material-ui/pull/17983,#71,Outubro,,,,,,
https://github.com/teresinahc/carambolo/pull/26,#71,Outubro,,,,,,
https://github.com/colaboradados/colabora_bot/pull/25,#71,Outubro,,,,,,
https://github.com/rubyforgood/voices-of-consent/pull/388,#71,Outubro,,,,,,
https://github.com/bartier/safadeza-generator/pull/17,#71,Outubro,,,,,,
https://github.com/ES2-UFPI/CajehForm/pull/65,#71,Outubro,,,,,,
https://github.com/Cajeh/cajeh-backend/pull/5,#71,Outubro,,,,,,
https://github.com/plouc/nivo/pull/725,#71,Outubro,,,,,,
https://github.com/accordproject/template-studio-v2/pull/123,#71,Outubro,,,,,,
https://github.com/reactnatal/site/pull/16,#71,Outubro,,,,,,
https://github.com/btzr-io/Villain/pull/154,#71,Outubro,,,,,,
https://github.com/btzr-io/Villain/pull/153,#71,Outubro,,,,,,
https://github.com/btzr-io/Villain/pull/152,#71,Outubro,,,,,,
https://github.com/btzr-io/Villain/pull/151,#71,Outubro,,,,,,
https://github.com/btzr-io/Villain/pull/150,#71,Outubro,,,,,,
https://github.com/scality/core-ui/pull/104,#71,Outubro,,,,,,
https://github.com/rubyforgood/diaper/pull/1343,#71,Outubro,,,,,,
https://github.com/PicturePipe/sentry-cli-orb/pull/18,#71,Outubro,,,,,,
https://github.com/sue445/circleci-ruby-orbs/pull/45,#71,Outubro,,,,,,
https://github.com/rubyforgood/voices-of-consent/pull/385,#71,Outubro,,,,,,
https://github.com/rubyforgood/voices-of-consent/pull/383,#71,Outubro,,,,,,
https://github.com/andrerpbts/collection_filters/pull/5,#71,Outubro,,,,,,
https://github.com/bayesjs/bayesjs-editor/pull/51,#71,Outubro,,,,,,
https://github.com/tootsuite/mastodon/pull/12209,#71,Outubro,,,,,,
https://github.com/MEHDI-ROBATJAZI/RCG-PROJECT/pull/7,#71,Outubro,,,,,,
https://github.com/nuzcraft/row-jam-bow/pull/12,#71,Outubro,,,,,,
https://github.com/nuzcraft/row-jam-bow/pull/7,#71,Outubro,,,,,,
https://github.com/MEHDI-ROBATJAZI/RCG-PROJECT/pull/2,#71,Outubro,,,,,,
https://github.com/MEHDI-ROBATJAZI/RCG-PROJECT/pull/8,#71,Outubro,,,,,,
https://github.com/thepracticaldev/dev.to/pull/4693,#72,Novembro,,,,,,
https://github.com/City-Bureau/city-scrapers/pull/923,#72,Novembro,,,,,,
https://github.com/colaboradados/colabora_bot/pull/25,#72,Novembro,,,,,,
https://github.com/GermaVinsmoke/bmi-calculator/pull/22,#72,Novembro,,,,,,
https://github.com/grommet/grommet/pull/3504,#72,Novembro,,,,,,
https://github.com/hack-and-slash/gerador-de-goblins-malditos/pull/22,#72,Novembro,,,,,,
https://github.com/hack-and-slash/gerador-de-goblins-malditos/pull/21,#72,Novembro,,,,,,
https://github.com/hack-and-slash/gerador-de-goblins-malditos/pull/29,#72,Novembro,,,,,,
https://github.com/jaredpalmer/formik/pull/1972,#72,Novembro,,,,,,
https://github.com/jonmchan/pseudo_kiosk/pull/6,#72,Novembro,,,,,,
https://github.com/rubyforgood/babywearing/pull/192,#72,Novembro,,,,,,
https://github.com/rubyforgood/voices-of-consent/pull/390,#72,Novembro,,,,,,
https://github.com/rubyforgood/babywearing/pull/188,#72,Novembro,,,,,,
https://github.com/grommet/grommet/pull/3520,#72,Novembro,,,,,,
https://github.com/bayesjs/bayesjs-editor/pull/57,#72,Novembro,,,,,,
https://github.com/bayesjs/bayesjs-editor/pull/56,#72,Novembro,,,,,,
https://github.com/ctrlpvim/ctrlp.vim/pull/526,#72,Novembro,,,,,,
https://github.com/jrtechs/github-graphs/pull/10,#72,Novembro,,,,,,
https://github.com/MEHDI-ROBATJAZI/RCG-PROJECT/pull/19,#72,Novembro,,,,,,
https://github.com/MEHDI-ROBATJAZI/RCG-PROJECT/pull/15,#72,Novembro,,,,,,
https://github.com/MEHDI-ROBATJAZI/RCG-PROJECT/pull/12,#72,Novembro,,,,,,
https://github.com/omniscrapper/omniscrapper_hq/pull/57,#73,Novembro,,,,,,
https://github.com/btzr-io/Villain/pull/211,#73,Novembro,,,,,,
https://github.com/btzr-io/Villain/pull/209,#73,Novembro,,,,,,
https://github.com/btzr-io/Villain/pull/207,#73,Novembro,,,,,,
https://github.com/minhtranite/react-notifications/pull/57,#73,Novembro,,,,,,
https://github.com/minhtranite/react-notifications/pull/56,#73,Novembro,,,,,,
https://github.com/minhtranite/react-notifications/pull/55,#73,Novembro,,,,,,
https://github.com/scality/core-ui/pull/125,#73,Novembro,,,,,,
https://github.com/OpenDevUFCG/poscomp/pull/80,#73,Novembro,,,,,,
https://github.com/hack-and-slash/gerador-de-goblins-malditos/pull/31,#73,Novembro,,,,,,
https://github.com/bayesjs/bayesjs-editor/pull/58,#73,Novembro,,,,,,
https://github.com/MEHDI-ROBATJAZI/RCG-PROJECT/pull/21,#73,Novembro,,,,,,
https://github.com/publiclab/plots2/pull/6703,#73,Novembro,,,,,,
https://github.com/jonmchan/pseudo_kiosk/pull/7,#73,Novembro,,,,,,
https://github.com/rubyforgood/babywearing/pull/207,#73,Novembro,,,,,,
https://github.com/WikiEducationFoundation/apps-android-wikiedudashboard/pull/233,#73,Novembro,,,,,,
https://github.com/scality/core-ui/pull/122,#73,Novembro,,,,,,
https://github.com/btzr-io/Villain/pull/205,#73,Novembro,,,,,,
https://github.com/mui-org/material-ui/pull/18380,#74,Novembro,,,,,,
https://github.com/btzr-io/Villain/pull/218,#74,Novembro,,,,,,
https://github.com/zenspider/enhanced-ruby-mode/pull/167,#74,Novembro,,,,,,
https://github.com/onepassapp/onepass/pull/63,#74,Novembro,,,,,,
https://github.com/onepassapp/onepass/pull/62,#74,Novembro,,,,,,
https://github.com/onepassapp/onepass/pull/61,#74,Novembro,,,,,,
https://github.com/nacaceres/DSWEDashboard/pull/5,#74,Novembro,,,,,,
https://github.com/nacaceres/DSWEDashboard/pull/4,#74,Novembro,,,,,,
https://github.com/nacaceres/DSWEDashboard/pull/3,#74,Novembro,,,,,,
https://github.com/kvnol/ofrontendacabou/pull/5,#74,Novembro,,,,,,
https://github.com/hack-and-slash/gerador-de-goblins-malditos/pull/33,#74,Novembro,,,,,,
https://github.com/hack-and-slash/gerador-de-goblins-malditos/pull/32,#74,Novembro,,,,,,
https://github.com/rubyforgood/babywearing/pull/217,#74,Novembro,,,,,,
https://github.com/rubyforgood/babywearing/pull/215,#74,Novembro,,,,,,
https://github.com/rubyforgood/babywearing/pull/205,#74,Novembro,,,,,,
https://github.com/brunohkbx/react-native-material-backdrop-modal/pull/13,#74,Novembro,,,,,,
https://github.com/robbyrussell/oh-my-zsh/pull/8390,#74,Novembro,,,,,,
https://github.com/lobsters/lobsters/pull/785,#74,Novembro,,,,,,
https://github.com/nuzcraft/row-jam-bow/pull/16,#74,Novembro,,,,,,
https://github.com/fatcat2/depend-on-me/pull/57,#74,Novembro,,,,,,
https://github.com/llaske/sugarizer/pull/421,#74,Novembro,,,,,,
https://github.com/scality/core-ui/pull/127,#74,Novembro,,,,,,
https://github.com/llaske/sugarizer/pull/454,#75,Novembro,,CONFRA,,,,
https://github.com/llaske/sugarizer/pull/453,#75,Novembro,,,,,,
https://github.com/llaske/sugarizer/pull/452,#75,Novembro,,,,,,
https://github.com/onepassapp/onepass/pull/71,#75,Novembro,,,,,,
https://github.com/onepassapp/onepass/pull/70,#75,Novembro,,,,,,
https://github.com/onepassapp/onepass/pull/69,#75,Novembro,,,,,,
https://github.com/onepassapp/onepass/pull/68,#75,Novembro,,,,,,
https://github.com/onepassapp/onepass/pull/67,#75,Novembro,,,,,,
https://github.com/omarroth/invidious/pull/919,#75,Novembro,,,,,,
https://github.com/scality/core-ui/pull/137,#75,Novembro,,,,,,
https://github.com/onepassapp/onepass/pull/66,#75,Novembro,,,,,,
https://github.com/onepassapp/onepass/pull/65,#75,Novembro,,,,,,
https://github.com/onepassapp/onepass/pull/64,#75,Novembro,,,,,,
https://github.com/hack-and-slash/gerador-de-goblins-malditos/pull/34,#75,Novembro,,,,,,
https://github.com/rubyforgood/reciprocity/pull/149,#75,Novembro,,,,,,
https://github.com/davydovanton/sidekiq-statistic/pull/148,#75,Novembro,,,,,,
https://github.com/delaford/game/pull/112,#75,Novembro,,,,,,
https://github.com/ifad/stradivari/pull/29,#75,Novembro,,,,,,
https://github.com/huacnlee/social-share-button/pull/188 [?],#75,Novembro,,,,,,
https://github.com/rubyforgood/partner/pull/266,#75,Novembro,,,,,,
https://github.com/rubyforgood/partner/pull/265,#75,Novembro,,,,,,
https://github.com/scality/core-ui/pull/139,#75,Novembro,,,,,,
https://github.com/scality/core-ui/pull/138,#75,Novembro,,,,,,
https://github.com/nuzcraft/row-jam-bow/pull/18,#75,Novembro,,,,,,
https://github.com/llaske/sugarizer/pull/451,#75,Novembro,,,,,,
https://github.com/llaske/sugarizer/pull/450,#75,Novembro,,,,,,
https://github.com/llaske/sugarizer/pull/459,#76,Dezembro,,,,,,
https://github.com/bayesjs/bayesjs-editor/pull/63,#76,Dezembro,,,,,,
https://github.com/scality/core-ui/pull/141,#76,Dezembro,,,,,,
https://github.com/onepassapp/onepass/pull/80,#76,Dezembro,,,,,,
https://github.com/bayesjs/bayesjs-editor/pull/62,#76,Dezembro,,,,,,
https://github.com/iagodahlem/gatsby-theme-careers/pull/23,#76,Dezembro,,,,,,
https://github.com/bayesjs/bayesjs-editor/pull/60,#76,Dezembro,,,,,,
https://github.com/iagodahlem/gatsby-theme-careers/pull/28,#76,Dezembro,,,,,,
https://github.com/MatheusRich/dontfile/pull/93,#76,Dezembro,,,,,,
https://github.com/delaford/game/pull/113,#76,Dezembro,,,,,,
https://github.com/Swati4star/Images-to-PDF/pull/875,#76,Dezembro,,,,,,
https://github.com/gurleensethi/sailor/pull/20,#76,Dezembro,,,,,,
https://github.com/rubytoolbox/rubytoolbox/pull/574,#76,Dezembro,,,,,,
https://github.com/rubyforgood/partner/pull/271,#76,Dezembro,,,,,,
https://github.com/jonmchan/pseudo_kiosk/pull/8,#76,Dezembro,,,,,,
https://github.com/hay-espacio-en-el-taco/dbs-scraper/pull/45,#76,Dezembro,,,,,,
https://github.com/idyll-lang/idyll/pull/599,#76,Dezembro,,,,,,
https://github.com/TCsTheMechanic/HTML-Search-BOT-3.6,#76,Dezembro,,,,,,
https://github.com/sporkmonger/addressable/pull/369,#77,Dezembro,,,,,,
https://github.com/mui-org/material-ui/pull/18744,#77,Dezembro,,,,,,
https://github.com/mui-org/material-ui/pull/18711,#77,Dezembro,,,,,,
https://github.com/mozilla/multi-account-containers/pull/1598,#77,Dezembro,,,,,,
https://github.com/City-Bureau/city-scrapers/pull/937,#77,Dezembro,,,,,,
https://github.com/scality/core-ui/pull/147,#77,Dezembro,,,,,,
https://github.com/rubyforgood/partner/pull/273,#77,Dezembro,,,,,,
https://github.com/sherlock-project/sherlock/pull/403,#77,Dezembro,,,,,,
https://github.com/bayesjs/bayesjs-editor/pull/68,#77,Dezembro,,,,,,
https://github.com/MEHDI-ROBATJAZI/RCG-PROJECT/pull/22,#77,Dezembro,,,,,,
https://github.com/iamkun/dayjs/pull/744,#77,Dezembro,,,,,,
https://github.com/jessestuart/gatsby-source-s3-image/pull/354,#77,Dezembro,,,,,,
https://github.com/rubyforgood/partner/pull/272,#77,Dezembro,,,,,,
https://github.com/davydovanton/sidekiq-statistic/pull/150,#77,Dezembro,,,,,,
https://github.com/rubymonsters/speakerinnen_liste/pull/978,#77,Dezembro,,,,,,
https://github.com/publiclab/leaflet-environmental-layers/pull/295,#77,Dezembro,,,,,,
https://github.com/Kaleido-Biosciences/fetch/pull/26,#77,Dezembro,,,,,,
https://github.com/Kaleido-Biosciences/fetch/pull/24,#77,Dezembro,,,,,,
https://github.com/gurleensethi/sailor/pull/20,#77,Dezembro,,,,,,
https://github.com/swapmyvote/swapmyvote/pull/279,#77,Dezembro,,,,,,
https://github.com/scality/core-ui/pull/146,#77,Dezembro,,,,,,